city,longitude,latitude
Rozdil,24.0623,49.46144
Sniatyn,25.56937,48.44692
Zabolotiv,25.28571,48.47054
Stryj,23.85609,49.26223
Stryj,23.85609,49.26223
Halych,24.72578,49.12179
Halych,24.72578,49.12179
Halych,24.72578,49.12179
Ivano-Frankivsk,24.70972,48.9215
Bilshivtsi,24.75,49.18333
Bukachivtsi,24.49779,49.25458
Burshtyn,24.62777,49.25867
Rohatyn,24.60927,49.409
Rohatyn,25.09575,48.31071
Kolomyja,25.03649,48.53115
Kolomyja,25.03649,48.53115
Kolomyja,25.03649,48.53115
Kosiv,25.03649,48.53115
Hvizdets,25.283056,48.575278
Chernylytsia,25.43,48.811111
Horodenka,25.50163,48.67274
Bolekhiv,23.86435,49.06607
Broshniv,24.19748,48.99621
Busk,24.61227,49.96548
Olesko,24.89336,49.96233
Zbarazh,25.77616,49.66357
Strusiv,25.616667,49.338889
Terebovlia,25.716667,49.3
Ternopil,25.60556,49.55589
Ternopil,25.60556,49.55589
Ternopil,25.60556,49.55589
Hrymajliv,26.009167,49.328611
Skalat,25.97869,49.42732
Lopatyn,24.84831,50.22022
Toporiv,24.72568,50.11166
Pidhajtsi,25.134167,49.275
Kopychyntsi,25.91026,49.10441
Probizhna,25.98127,49.02174
Chortkiv,25.79804,49.01709
Chortkiv,25.79804,49.01709
Buchach,25.38798,49.06254
Buchach,25.38798,49.06254
Monastyryska,25.17327,49.08909
Yazlovets ,25.445,48.961389
Berezhany,24.93333,49.45
Brody,25.15027,50.08791
Brody,25.15027,50.08791
Skala-Podilska,26.19909,48.85149
Skala-Podilska,26.19909,48.85149
Stara,25.86112,51.3713
Ostroh,26.51425,50.32942
Klevan,25.97628,50.74305
Rivne,26.22743,50.62308
Rivne,26.22743,50.62308
Rivne,26.22743,50.62308
Velyki,26.86626,50.65431
Velyki,26.86626,50.65431
Kremenets,25.72459,50.09693
Berestechko,25.11071,50.36047
Dolyna,25.51381,50.55953
Dubno,25.73432,50.41694
Dubno,25.73432,50.41694
Mlyniv,25.61675,50.509
Radyvyliv,25.25576,50.12994
Radyvyliv,25.25576,50.12994
Verba,25.60282,50.28037
Lutsk,25.34244,50.75932
Lutsk,25.34244,50.75932
Lutsk,25.34244,50.75932
Lutsk,25.34244,50.75932
Lutsk,25.34244,50.75932
Ivanivka,25.27458,51.09394
Kovel,24.70867,51.21526
Ruzhyn,24.54784,51.15745
Turivsk,24.524444,51.088333
Radekhiv,24.08366,51.16085
Stolin,26.84597,51.89115
Pinsk,26.0951,52.1229
Pinsk,26.0951,52.1229
Pinsk,26.0951,52.1229
Kobryn,24.3564,52.2138
BrzescnadBugiem,23.68775,52.09755
BrzescnadBugiem,23.68775,52.09755
Iwieniec ,26.741667,53.890278
Eišiškes,25,54.16667
Kleck,26.6321,53.0635
Nieswiez,26.6779,53.2189
Slonim,25.3163,53.0869
Druja,27.4505,55.7906
Oszmiana,25.936,54.421
Vilnius,25.2798,54.68916
Vilnius,25.2798,54.68916
Vilnius,25.2798,54.68916
Vilnius,25.2798,54.68916
Vilnius,25.2798,54.68916
Vilnius,25.2798,54.68916
Turka,23.02967,49.15411
Kanczuga,22.41168,49.98346
Przeworsk,22.49408,50.05912
Baligród,22.28566,49.3309
Baligród,22.28566,49.3309
Cisna,22.32795,49.21328
Lesko,22.33042,49.4701
Lesko,22.33042,49.4701
Lesko,22.33042,49.4701
Lesko,22.33042,49.4701
Lutowiska,22.695834,49.251111
Lutowiska,22.695833,49.251111
UstrzykiDolne,22.59381,49.4304
UstrzykiDolne,22.59381,49.4304
UstrzykiDolne,22.59381,49.4304
UstrzykiDolne,22.59381,49.4304
UstrzykiDolne,22.59381,49.4304
UstrzykiDolne,22.59381,49.4304
WolaMichowa,22.164723,49.230833
WolaMichowa,22.164722,49.230833
Drohobych,23.50561,49.34991
Drohobych,23.50561,49.34991
Drohobych,23.50561,49.34991
Drohobych,23.50561,49.34991
Drohobych,23.50561,49.34991
Drohobych,23.50561,49.34991
Drohobych,23.50561,49.34991
Drohobych,23.50561,49.34991
Skhidnytsia,23.353056,49.223611
Khyriv,22.85236,49.53332
Khyriv,22.85236,49.53332
Nadyby,23.08309,49.54254
Sambir,23.19752,49.5183
Sambir,23.19752,49.5183
Sambir,23.19752,49.5183
Skelivka,22.96065,49.5363
Bircza,22.45108,49.69151
Rybotycze,22.6461,49.65571
Bukowsko,22.06329,49.48039
Bukowsko,22.06329,49.48039
Nowotaniec,22.03222,49.51239
Rymanów,21.86811,49.57649
Rymanów,21.86811,49.57649
Rymanów,21.86811,49.57649
Rymanów,21.86811,49.57649
Sanok,22.2056,49.55573
Sanok,22.2056,49.55573
Sanok,22.2056,49.55573
Sanok,22.2056,49.55573
Sanok,22.2056,49.55573
Sanok,22.2056,49.55573
Sanok,22.2056,49.55573
Komarno,23.69952,49.62739
Rudky,23.48702,49.65306
Mostyska,23.15077,49.79467
Medyka,22.92229,49.80526
Przemysl,22.76728,49.78498
Przemysl,22.76728,49.78498
Przemysl,22.76728,49.78498
Przemysl,22.76728,49.78498
Przemysl,22.76728,49.78498
Przemysl,22.76728,49.78498
Przemysl,22.76728,49.78498
Przemysl,22.76728,49.78498
Przemysl,22.76728,49.78498
Brzozów,22.01926,49.69501
Dynów,22.23388,49.81506
Dukla,21.69654,49.41691
Dukla,21.69654,49.41691
Dukla,21.69654,49.41691
Iwonicz,21.80168,49.60426
Krosno,21.765833,49.682222
Bibrka,24.28874,49.64093
Bibrka,24.28874,49.64093
Lviv,24.031997,49.842
Lviv,24.031997,49.842
Lviv,24.031997,49.842
Lviv,24.031997,49.842
Lviv,24.031997,49.842
Lviv,24.031997,49.842
Lviv,24.031997,49.842
Lviv,24.031997,49.842
Lviv,24.031997,49.842
Lviv,24.031997,49.842
Lviv,24.031997,49.842
Lviv,24.031997,49.842
Lviv,24.031997,49.842
Lviv,24.031997,49.842
Lviv,24.031997,49.842
Lviv,24.031997,49.842
Lviv,24.031997,49.842
Lviv,24.031997,49.842
Lviv,24.031997,49.842
Lviv,24.031997,49.842
Lviv,24.031997,49.842
Lviv,24.031997,49.842
Lviv,24.031997,49.842
Lviv,24.031997,49.842
Lviv,24.031997,49.842
Lviv,24.031997,49.842
Lviv,24.031997,49.842
Lviv,24.031997,49.842
Lviv,24.031997,49.842
Lviv,24.031997,49.842
Lviv,24.031997,49.842
Lviv,24.031997,49.842
Lviv,24.031997,49.842
Lviv,24.031997,49.842
Lviv,24.031997,49.842
Lviv,24.031997,49.842
Lviv,24.031997,49.842
Lviv,24.031997,49.842
Lviv,24.031997,49.842
Lviv,24.031997,49.842
Lviv,24.031997,49.842
Lviv,24.031997,49.842
Lviv,24.031997,49.842
Lviv,24.031997,49.842
Lviv,24.031997,49.842
Lviv,24.031997,49.842
Lviv,24.031997,49.842
Lviv,24.031997,49.842
Lviv,24.031997,49.842
Lviv,24.031997,49.842
Lviv,24.031997,49.842
Lviv,24.031997,49.842
Lviv,24.031997,49.842
Lviv,24.031997,49.842
Lviv,24.031997,49.842
Lviv,24.031997,49.842
Lviv,24.031997,49.842
Lviv,24.031997,49.842
Lviv,24.031997,49.842
Lviv,24.031997,49.842
Lviv,24.031997,49.842
Lviv,24.031997,49.842
Lviv,24.031997,49.842
Lviv,24.031997,49.842
Lviv,24.031997,49.842
Lviv,24.031997,49.842
Lviv,24.031997,49.842
Lviv,24.031997,49.842
Lviv,24.031997,49.842
Lviv,24.031997,49.842
Lviv,24.031997,49.842
Lviv,24.031997,49.842
Lviv,24.031997,49.842
Lviv,24.031997,49.842
Lviv,24.031997,49.842
Lviv,24.031997,49.842
Lviv,24.031997,49.842
Lviv,24.031997,49.842
Lviv,24.031997,49.842
Lviv,24.031997,49.842
Lviv,24.031997,49.842
Lviv,24.031997,49.842
Lviv,24.031997,49.842
Lviv,24.031997,49.842
Lviv,24.031997,49.842
Lviv,24.031997,49.842
Lviv,24.031997,49.842
Lviv,24.031997,49.842
Lviv,24.031997,49.842
Lviv,24.031997,49.842
Lviv,24.031997,49.842
Lviv,24.031997,49.842
Lviv,24.031997,49.842
Lviv,24.031997,49.842
Lviv,24.031997,49.842
Lviv,24.031997,49.842
Lviv,24.031997,49.842
Lviv,24.031997,49.842
Lviv,24.031997,49.842
Lviv,24.031997,49.842
Lviv,24.031997,49.842
Zhovkva,23.9726,50.05825
Krakovets,23.15911,49.95876
WielkieOczy,23.1265,50.043
Romanivka,24.36277,50.44
Romanivka,24.36277,50.44
Sokal,24.28288,50.47438
Sokal,24.28288,50.47438
Tartakiv,24.39842,50.46379
Maheriv,23.70106,50.10837
Uhniv,23.74895,50.36811
Uhniv,23.74895,50.36811
Cieszanów,23.13163,50.24564
Cieszanów,23.13163,50.24564
Lubaczów,23.12339,50.157
Lubaczów,23.12339,50.157
Lubaczów,23.12339,50.157
Lubaczów,23.12339,50.157
Lubaczów,23.12339,50.157
Oleszyce,23.03481,50.1675
StaryDzików,22.92984,50.24699
Jaroslaw,22.67776,50.01623
Jaroslaw,22.67776,50.01623
Jaroslaw,22.67776,50.01623
Jaroslaw,22.67776,50.01623
Jaroslaw,22.67776,50.01623
Jaroslaw,22.67776,50.01623
Radymno,22.82375,49.9472
Lancut,22.22912,50.06871
Lancut,22.22912,50.06871
Lancut,22.22912,50.06871
Lancut,22.22912,50.06871
Lezajsk,22.41932,50.26257
Lezajsk,22.41932,50.26257
Lezajsk,22.41932,50.26257
Zolynia,22.30825,50.162
Blazowa,22.10037,49.88521
Blazowa,22.10037,49.88521
Blazowa,22.10037,49.88521
Czudec,21.84134,49.94487
Czudec,21.84134,49.94487
GlogówMalopolski,21.96287,50.15122
GlogówMalopolski,21.96287,50.15122
Niebylec,21.93105,49.8498
Rzeszów,21.99901,50.04132
Rzeszów,21.99901,50.04132
Nisko,22.13968,50.51987
StalowaWola,22.05334,50.58286
Ulanów ,22.265278,50.490278
Kolbuszowa,21.7761,50.2441
Ranizów,21.97137,50.25873
SokolówMalopolski,22.11968,50.22909
SokolówMalopolski,22.11968,50.22909
SokolówMalopolski,22.11968,50.22909
Antoniów,21.891389,50.731667
BaranówSandomierski,21.54204,50.49912
BaranówSandomierski,21.54204,50.49912
BaranówSandomierski,21.54204,50.49912
Tarnobrzeg,21.67937,50.57304
Tarnobrzeg,21.67937,50.57304
Krasnobród,23.215278,50.544722
Szczebrzeszyn,22.97954,50.69499
Szczebrzeszyn,22.97954,50.69499
Zamosc,23.25196,50.72314
Zamosc,23.25196,50.72314
Zamosc,23.25196,50.72314
Zamosc,23.25196,50.72314
Zamosc,23.25196,50.72314
Zamosc,23.25196,50.72314
Zamosc,23.25196,50.72314
Zamosc,23.25196,50.72314
Zamosc,23.25196,50.72314
Zamosc,23.25196,50.72314
Zamosc,23.25196,50.72314
Parczew,22.866984,51.640733
Parczew,22.866983,51.640733
Wlodawa,23.55,51.55
Wlodawa,23.55,51.55
Wlodawa,23.55,51.55
Wlodawa,23.55,51.55
Jarczów,23.586,50.4464
Laszczów,23.7187,50.5324
TomaszówLubelski,23.41616,50.44767
TomaszówLubelski,23.41616,50.44767
Tyszowce,23.709722,50.618333
KosówLacki,22.14707,52.59541
SokolówPodlaski,22.25307,52.40677
SokolówPodlaski,22.25307,52.40677
Siedlce,22.29006,52.16772
Siedlce,22.29006,52.16772
Miedzyrzec,22.78248,51.9864
RadzynPodlaski,22.61667,51.78333
Borysow,22.03824,51.51152
Borysow,22.03824,51.51152
Deblin,21.84829,51.55912
KazimierzDolny,21.95502,51.31911
Kurów,22.18637,51.38941
Pulawy,21.96939,51.41655
Adamów,22.261111,51.743611
Luków,22.37956,51.929
Luków,22.37956,51.929
Lublin,22.56667,51.25
Lublin,22.56667,51.25
Lublin,22.56667,51.25
Lublin,22.56667,51.25
Lublin,22.56667,51.25
Lublin,22.56667,51.25
Lublin,22.56667,51.25
Lublin,22.56667,51.25
Lublin,22.56667,51.25
Lublin,22.56667,51.25
Lublin,22.56667,51.25
Lublin,22.56667,51.25
Lublin,22.56667,51.25
Lublin,22.56667,51.25
Lublin,22.56667,51.25
Lublin,22.56667,51.25
Lublin,22.56667,51.25
Lublin,22.56667,51.25
Lublin,22.56667,51.25
Lublin,22.56667,51.25
Lublin,22.56667,51.25
Lublin,22.56667,51.25
Lublin,22.56667,51.25
Lublin,22.56667,51.25
Lublin,22.56667,51.25
Lublin,22.56667,51.25
Lublin,22.56667,51.25
Lublin,22.56667,51.25
Lublin,22.56667,51.25
Lublin,22.56667,51.25
Lublin,22.56667,51.25
Lublin,22.56667,51.25
Lublin,22.56667,51.25
Lublin,22.56667,51.25
Lublin,22.56667,51.25
Lublin,22.56667,51.25
Lublin,22.56667,51.25
Lublin,22.56667,51.25
Lublin,22.56667,51.25
Lublin,22.56667,51.25
Lublin,22.56667,51.25
Lublin,22.56667,51.25
Lublin,22.56667,51.25
Lublin,22.56667,51.25
Lublin,22.56667,51.25
Lublin,22.56667,51.25
Lublin,22.56667,51.25
Lublin,22.56667,51.25
Lublin,22.56667,51.25
Lublin,22.56667,51.25
Lublin,22.56667,51.25
Lublin,22.56667,51.25
Lublin,22.56667,51.25
Lublin,22.56667,51.25
Lublin,22.56667,51.25
Lublin,22.56667,51.25
Lublin,22.56667,51.25
Lublin,22.56667,51.25
Lublin,22.56667,51.25
Lublin,22.56667,51.25
Lublin,22.56667,51.25
Lublin,22.56667,51.25
Lublin,22.56667,51.25
Lublin,22.56667,51.25
Lublin,22.56667,51.25
Lublin,22.56667,51.25
Lublin,22.56667,51.25
Lublin,22.56667,51.25
Lublin,22.56667,51.25
Lublin,22.56667,51.25
Lublin,22.56667,51.25
Lublin,22.56667,51.25
Lublin,22.56667,51.25
Lublin,22.56667,51.25
Lublin,22.56667,51.25
Lecznej,22.879168,51.301667
Lecznej,22.879167,51.301667
Rózana,23.3226,51.00123
Izbica,23.156667,50.891667
Krasnystaw,23.169722,50.983889
Turobin,22.738,50.8197
Turobin,22.738,50.8197
Zólkiewka,22.834167,50.911111
Zólkiewka,22.834167,50.911111
Belzyce,22.28027,51.17415
Biskupice,22.944722,51.152778
Bychawa,22.532779,51.015833
Bychawa,22.532778,51.015833
Piaski,22.844722,51.134167
Annopol,21.85678,50.88551
Annopol,21.85678,50.88551
Krasnik,22.220835,50.921389
Krasnik,22.220834,50.921389
Krasnik,22.220833,50.921389
Modliborzyce,22.32945,50.75416
Urzedów,22.1383,51.011
Zaklików,22.10226,50.75769
Hrubieszów,23.89251,50.80502
Hrubieszów,23.89251,50.80502
Hrubieszów,23.89251,50.80502
Ryki,21.93274,51.62574
Parysowo,21.680556,51.975
Sobienie-Jeziory,21.302778,51.932222
Zelechów,21.89721,51.81051
Chelm,23.4716,51.14312
Chelm,23.4716,51.14312
Rejowiec,23.28192,51.09134
Wojslawice,23.54602,50.91916
Wojslawice,23.54602,50.91916
Bilgoraj,22.72204,50.54114
Bilgoraj,22.72204,50.54114
Bilgoraj,22.72204,50.54114
Bilgoraj,22.72204,50.54114
Frampol,22.67061,50.67159
Goraj,22.666944,50.721111
JózefówBilgorajski,23.05404,50.48119
JózefówBilgorajski,23.05404,50.48119
Tarnogród,22.74174,50.3609
Tarnogród,22.74174,50.3609
Bircza,22.72204,50.54114
Krzeszów,22.341111,50.403889
BialaPodlaska,23.11652,52.03238
BialaPodlaska,23.11652,52.03238
BialaPodlaska,23.11652,52.03238
BialaPodlaska,23.11652,52.03238
Lomazy,23.16608,51.89837
Lomazy,23.16608,51.89837
Choroszcz,22.985556,53.143056
Goniadz,22.73578,53.48953
Gródek,23.656673,53.096667
Gródek,23.656672,53.096667
Gródek,23.656671,53.096667
Gródek,23.65667,53.096667
Gródek,23.656669,53.096667
Gródek,23.656668,53.096667
Gródek,23.656667,53.096667
Knyszyn,22.91963,53.31406
Knyszyn,22.91963,53.31406
Knyszyn,22.91963,53.31406
Michalowo,23.604445,53.036833
Michalowo,23.604444,53.036833
Zabludów,23.33831,53.01442
Bakalarzewo,22.65218,54.09398
Krasnopol,23.203889,54.116944
Punsk,23.177778,54.250833
Sejny,23.34698,54.10802
Sejny,23.34698,54.10802
Sejny,23.34698,54.10802
Suwalki,22.93087,54.11175
Suwalki,22.93087,54.11175
Augustów,22.97979,53.84321
Augustów,22.97979,53.84321
Radzilów,22.40988,53.40994
DabrowaBialostocka,23.348612,53.653611
DabrowaBialostocka,23.348611,53.653611
JanówSokólski,23.28662,53.45127
Korycin,23.09069,53.44513
Korycin,23.09069,53.44513
Kuznica,23.645,53.509722
Sokólka,23.5,53.406944
Suchowola,23.101667,53.579444
Suchowola,23.101667,53.579444
Bialystok,23.16433,53.13333
Bialystok,23.16433,53.13333
Bialystok,23.16433,53.13333
Bialystok,23.16433,53.13333
Bialystok,23.16433,53.13333
Bialystok,23.16433,53.13333
Bialystok,23.16433,53.13333
Bialystok,23.16433,53.13333
Bialystok,23.16433,53.13333
Czyzew,22.31237,52.79768
Czyzew,22.31237,52.79768
Lapy,22.88422,52.9911
Lapy,22.88422,52.9911
Lapy,22.88422,52.9911
Lapy,22.88422,52.9911
Tykocin,22.77457,53.20567
Tykocin,22.77457,53.20567
Tykocin,22.77457,53.20567
WysokieMazowieckie,22.51712,52.91661
WysokieMazowieckie,22.51712,52.91661
Jedwabne,22.30353,53.28554
Jedwabne,22.30353,53.28554
Kolno,21.92905,53.41148
Lomza,22.05935,53.17806
Lomza,22.05935,53.17806
Lomza,22.05935,53.17806
Lomza,22.05935,53.17806
Sniadowo,21.989722,53.038889
Stawiski,22.15462,53.37987
Stawiski,22.15462,53.37987
Ostroleka,21.57566,53.08621
Ostroleka,21.57566,53.08621
Grodno,23.8258,53.6884
Grodno,23.8258,53.6884
Krynki,23.772199,53.265278
Krynki,23.772198,53.265278
Krynki,23.772197,53.265278
Krynki,23.772196,53.265278
Krynki,23.772195,53.265278
Krynki,23.772194,53.265278
Krynki,23.772193,53.265278
Krynki,23.772192,53.265278
BielskPodlaski,23.18647,52.76512
Bocki,23.04485,52.65155
Bocki,23.04485,52.65155
Bransk,22.83774,52.7444
Bransk,22.83774,52.7444
Bransk,22.83774,52.7444
Bransk,22.83774,52.7444
Bransk,22.83774,52.7444
Bransk,22.83774,52.7444
Bransk,22.83774,52.7444
Ciechanowiec,22.49815,52.67828
Hajnówka,23.58122,52.74328
Kleszczele,23.32539,52.57314
Kleszczele,23.32539,52.57314
Mielnik,23.04365,52.33156
Milejczyce,23.13206,52.51967
Milejczyce,23.13206,52.51967
Narew,23.520833,52.912778
Narew,23.51984,52.91418
Narewka,23.76283,52.83311
Niemirów,23.162223,52.285833
Niemirów,23.162222,52.285833
Orla,23.33213,52.70546
Orla,23.33213,52.70546
Siemiatycze,22.86231,52.42719
Brok,21.85704,52.69948
Milówka,19.090278,49.554444
Zywiec,19.19243,49.68529
Zywiec,19.19243,49.68529
Andrychów,19.33834,49.85497
Andrychów,19.33834,49.85497
KalwariaZebrzydowska,19.6772,49.86759
Wadowice,19.49292,49.88335
Ryglice,21.1416,49.8775
Tarnów,20.98698,50.01381
Tarnów,20.98698,50.01381
Tarnów,20.98698,50.01381
Tarnów,20.98698,50.01381
Tarnów,20.98698,50.01381
Tarnów,20.98698,50.01381
Tarnów,20.98698,50.01381
Tarnów,20.98698,50.01381
Debica,21.41141,50.05146
Debica,21.41141,50.05146
Debica,21.41141,50.05146
Pilzno,21.291389,49.978611
WielopoleSkrzynskie,21.614444,49.946667
CzarnyDunajec,19.85161,49.43663
KroscienkonadDunajcem,20.42624,49.44081
NowyTarg,20.03228,49.47783
NowyTarg,20.03228,49.47783
NowyTarg,20.03228,49.47783
Zakopane,19.94885,49.29899
Grybów,20.94797,49.62439
Grybów,20.94797,49.62439
Krynica-Zdrój,20.95942,49.42225
Labowa,20.8644,49.4926
Muszyna,20.89718,49.35661
NowySacz,20.69705,49.62177
NowySacz,20.69705,49.62177
NowySacz,20.69705,49.62177
NowySacz,20.69705,49.62177
NowySacz,20.69705,49.62177
StarySacz,20.63496,49.56364
StarySacz,20.63496,49.56364
Jordanów,19.83,49.649167
Borowa,21.3515,50.38548
Borowa,21.3515,50.38548
Mielec,21.4239,50.28709
Mielec,21.4239,50.28709
RadomyslWielki,21.27693,50.19693
Limanowa,20.42204,49.70594
Skawina,19.82869,49.97524
Wieliczka,20.06473,49.98738
Wieliczka,20.06473,49.98738
Wieliczka,20.06473,49.98738
Kraków,19.93658,50.06143
Kraków,19.93658,50.06143
Kraków,19.93658,50.06143
Kraków,19.93658,50.06143
Kraków,19.93658,50.06143
Kraków,19.93658,50.06143
Kraków,19.93658,50.06143
Kraków,19.93658,50.06143
Kraków,19.93658,50.06143
Kraków,19.93658,50.06143
Kraków,19.93658,50.06143
Kraków,19.93658,50.06143
Kraków,19.93658,50.06143
Kraków,19.93658,50.06143
Kraków,19.93658,50.06143
Kraków,19.93658,50.06143
Kraków,19.93658,50.06143
Kraków,19.93658,50.06143
Kraków,19.93658,50.06143
Kraków,19.93658,50.06143
Kraków,19.93658,50.06143
Kraków,19.93658,50.06143
Kraków,19.93658,50.06143
Kraków,19.93658,50.06143
Kraków,19.93658,50.06143
Kraków,19.93658,50.06143
Kraków,19.93658,50.06143
Kraków,19.93658,50.06143
Kraków,19.93658,50.06143
Kraków,19.93658,50.06143
Kraków,19.93658,50.06143
Olpiny,21.20464,49.80686
Brzostek,21.4083,49.8798
Jaslo,21.47252,49.74506
Zmigród,21.52376,49.60353
Biecz,21.26301,49.73596
Bobowa,20.94767,49.70866
Gorlice,21.16035,49.65563
Gorlice,21.16035,49.65563
Snietnica,21.05272,49.51144
DabrowaTarnowska,20.98633,50.17462
DabrowaTarnowska,20.98633,50.17462
Zabno,20.885278,50.132778
Chrzanów,19.40203,50.13546
Chrzanów,19.40203,50.13546
Chrzanów,19.40203,50.13546
Chrzanów,19.40203,50.13546
Krzeszowice,19.63223,50.14248
Krzeszowice,19.63223,50.14248
Krzeszowice,19.63223,50.14248
Trzebinia,19.46966,50.15931
Trzebinia,19.46966,50.15931
Jaworzno,19.28617,50.18773
Brzesko,20.60606,49.96911
Brzesko,20.60606,49.96911
Brzesko,20.60606,49.96911
Brzesko,20.60606,49.96911
Brzesko,20.60606,49.96911
Radlów,20.842069,50.08544
Bochnia,20.43028,49.96905
Bochnia,20.43028,49.96905
Bochnia,20.43028,49.96905
Bochnia,20.43028,49.96905
Bochnia,20.43028,49.96905
Bochnia,20.43028,49.96905
Bochnia,20.43028,49.96905
Bochnia,20.43028,49.96905
Niepolomice,20.2118,50.0344
NowyWisnicz,20.46109,49.91465
NowyWisnicz,20.46109,49.91465
Brzeszcze,19.15157,49.98203
Kety,19.221944,49.883333
Kety,19.221944,49.883333
Oswiecim,19.21037,50.03437
Oswiecim,19.21037,50.03437
Oswiecim,19.21037,50.03437
Oswiecim,19.21037,50.03437
Oswiecim,19.21037,50.03437
Oswiecim,19.21037,50.03437
Biala,19.04686,49.82245
Bielsko-Biala,19.04686,49.82245
Bielsko-Biala,19.04686,49.82245
Bielsko-Biala,19.04686,49.82245
Bielsko-Biala,19.04686,49.82245
Bielsko-Biala,19.04686,49.82245
Bielsko-Biala,19.04686,49.82245
Radom,21.14714,51.40253
Mrzyglód,19.3634,50.5418
Zarki,19.363889,50.624167
Zawiercie,19.416389,50.4875
Koniecpol,19.68896,50.77468
Lelów,19.62562,50.68335
Lelów,19.62562,50.68335
Szczekociny,19.825,50.62669
Wloszczowa,19.96593,50.85256
Raszków,19.94534,50.58496
Busko-Zdrój,20.71884,50.47078
Busko-Zdrój,20.71884,50.47078
Chmielnik,20.749722,50.611667
NowyKorczyn,20.8326,50.33194
NowyKorczyn,20.8326,50.33194
Szydlów,21.0068,50.59114
Sosnowiec,19.10385,50.28682
Sosnowiec,19.10385,50.28682
Sosnowiec,19.10385,50.28682
Sosnowiec,19.10385,50.28682
Klimontów,21.45587,50.65588
Polaniec,21.2812,50.43324
Sandomierz,21.74898,50.68265
Koszyce,20.573056,50.170278
Dzialoszyce,20.35226,50.36534
Dzialoszyce,20.35226,50.36534
Pinczów,20.52649,50.52052
Pinczów,20.52649,50.52052
Opoczno,20.27827,51.37569
Gielniów,20.503,51.3972
Przysucha,20.62889,51.35858
Strzyzów,20.448,51.44754
Opatów,21.42538,50.80058
OstrowiecSwietokrzyski,21.38525,50.92936
Raków,21.04517,50.67427
Olkusz,19.56503,50.2813
Wolbrom,19.75831,50.37957
Pilica,19.65729,50.46799
Slawków,19.38967,50.29943
KsiazWielki,20.14026,50.44351
Miechów,20.02788,50.35648
Slomniki,20.0768,50.2399
Gniewoszów,21.81267,51.47417
Kozienice,21.54779,51.58294
Kozienice,21.54779,51.58294
Kozienice,21.54779,51.58294
Szydlowiec,20.86106,51.22823
Szydlowiec,20.86106,51.22823
Konskie,20.40607,51.19166
Radoszyce,20.2703,51.0636
Radoszyce,20.2703,51.0636
Skarzysko-Kamienna,20.87162,51.11311
Skarzysko-Kamienna,20.87162,51.11311
Bodzentyn,20.95719,50.94115
Bodzentyn,20.95719,50.94115
Checiny,20.46229,50.80021
Daleszyce,20.80791,50.80229
Kielce,20.62752,50.87033
Kielce,20.62752,50.87033
NowaSlupia,21.09049,50.86432
NowaSlupia,21.09049,50.86432
NowaSlupia,21.09049,50.86432
Jedrzejów,20.30454,50.63945
Malogoszcz,20.26407,50.81214
Sobków,20.45062,50.69999
Wodzislaw,20.190556,50.52
Ciepielów,21.54255,51.23917
Ciepielów,21.54255,51.23917
Ilza,21.23979,51.16313
Starachowice,21.07126,51.0374
Tarlów,21.7083,51.001
Tarlów,21.7083,51.001
Tarlów,21.7083,51.001
Krzepice,18.72886,50.97059
Krzepice,18.72886,50.97059
Mstów,19.28547,50.82969
Przyrów,19.52794,50.80051
Czestochowa,19.12409,50.79646
Czestochowa,19.12409,50.79646
Czestochowa,19.12409,50.79646
Czestochowa,19.12409,50.79646
Czestochowa,19.12409,50.79646
Czestochowa,19.12409,50.79646
Czestochowa,19.12409,50.79646
Czestochowa,19.12409,50.79646
Czestochowa,19.12409,50.79646
Czestochowa,19.12409,50.79646
Czestochowa,19.12409,50.79646
Czestochowa,19.12409,50.79646
Czestochowa,19.12409,50.79646
Czestochowa,19.12409,50.79646
Czestochowa,19.12409,50.79646
Czestochowa,19.12409,50.79646
Czestochowa,19.12409,50.79646
Czestochowa,19.12409,50.79646
Czestochowa,19.12409,50.79646
Czestochowa,19.12409,50.79646
Czestochowa,19.12409,50.79646
Czestochowa,19.12409,50.79646
Czestochowa,19.12409,50.79646
Czestochowa,19.12409,50.79646
Czestochowa,19.12409,50.79646
Czestochowa,19.12409,50.79646
Bedzin,19.12565,50.32607
Bedzin,19.12565,50.32607
Bedzin,19.12565,50.32607
Bedzin,19.12565,50.32607
Bedzin,19.12565,50.32607
Czeladz,19.07824,50.31542
DabrowaGórnicza,19.2374,50.31818
DabrowaGórnicza,19.2374,50.31818
DabrowaGórnicza,19.2374,50.31818
DabrowaGórnicza,19.2374,50.31818
TarnowskieGóry,18.86147,50.44548
TarnowskieGóry,18.86147,50.44548
RudaSlaska,18.853611,50.262778
Rybnik,18.54179,50.09713
Rybnik,18.54179,50.09713
WodzislawSlaski,18.47205,50.00377
WodzislawSlaski,18.47205,50.00377
Zory,18.70062,50.04523
Zory,18.70062,50.04523
Bierun,19.09291,50.09
Imielin,19.18599,50.14534
Ledziny,19.13149,50.14264
Mikolów,18.9041,50.17103
Pszczyna,18.95382,49.98037
Pszczyna,18.95382,49.98037
Cieszowa,18.83821,50.67114
Chorzów,18.9742,50.30582
Myslowice,19.16668,50.20745
Myslowice,19.16668,50.20745
Myslowice,19.16668,50.20745
Myslowice,19.16668,50.20745
Myslowice,19.16668,50.20745
Katowice,19.02754,50.25841
Katowice,19.02754,50.25841
Katowice,19.02754,50.25841
Cieszyn,18.63213,49.75133
Cieszyn,18.63213,49.75133
Cieszyn,18.63213,49.75133
Cieszyn,18.63213,49.75133
Cieszyn,18.63213,49.75133
Cieszyn,18.63213,49.75133
Cieszyn,18.63213,49.75133
Cieszyn,18.63213,49.75133
Cieszyn,18.63213,49.75133
Cieszyn,18.63213,49.75133
Skoczów,18.7877,49.80089
Ustron,18.80198,49.72153
Lututów,18.4348,51.37033
Osjaków,18.79151,51.28946
Wielun,18.56964,51.22097
Wielun,18.56964,51.22097
Praszka,18.45317,51.05375
Dabie,18.821944,52.086944
Dobra,18.615361,51.916233
Turek,18.485278,52.013333
Burzenin,18.83233,51.46077
Sieradz,18.73023,51.59584
Szadek,18.97549,51.69174
Warta,18.625,51.708056
ZdunskaWola,18.939168,51.606111
ZdunskaWola,18.939167,51.606111
Zloczew,18.60363,51.41719
Zloczew,18.60363,51.41719
Zloczew,18.60363,51.41719
Zloczew,18.60363,51.41719
Zloczew,18.60363,51.41719
Zloczew,18.60363,51.41719
Zloczew,18.60363,51.41719
Tyczyn,18.85202,51.51018
Koscierzyn,18.64387,51.62409
Koscierzyn,18.64387,51.62409
NowaBrzeznica,19.1345,51.0514
Przedbórz,19.87384,51.08789
Radomsko,19.44477,51.06713
Radomsko,19.44477,51.06713
Radomsko,19.44477,51.06713
Belchatów,19.35671,51.36883
Belchatów,19.35671,51.36883
Gorzkowice,19.59626,51.21533
PiotrkówTrybunalski,19.70321,51.40547
PiotrkówTrybunalski,19.70321,51.40547
PiotrkówTrybunalski,19.70321,51.40547
PiotrkówTrybunalski,19.70321,51.40547
PiotrkówTrybunalski,19.70321,51.40547
PiotrkówTrybunalski,19.70321,51.40547
PiotrkówTrybunalski,19.70321,51.40547
PiotrkówTrybunalski,19.70321,51.40547
Rozprza,19.6457,51.30266
Wolborz,19.84144,51.49615
Wolborz,19.84144,51.49615
AleksandrówLódzki,19.30384,51.81965
AleksandrówLódzki,19.30384,51.81965
Zgierz,19.40623,51.85561
Zgierz,19.40623,51.85561
Wisniowa,19.62442,51.71221
Lódz,19.46667,51.75
Lódz,19.46667,51.75
Lódz,19.46667,51.75
Lódz,19.46667,51.75
Lódz,19.46667,51.75
Lódz,19.46667,51.75
Lódz,19.46667,51.75
Lódz,19.46667,51.75
Lódz,19.46667,51.75
Lódz,19.46667,51.75
Lódz,19.46667,51.75
Lódz,19.46667,51.75
Lódz,19.46667,51.75
Lódz,19.46667,51.75
Lódz,19.46667,51.75
Lódz,19.46667,51.75
Lódz,19.46667,51.75
Lódz,19.46667,51.75
Lódz,19.46667,51.75
Lódz,19.46667,51.75
Lódz,19.46667,51.75
Lódz,19.46667,51.75
Lódz,19.46667,51.75
Lódz,19.46667,51.75
Lódz,19.46667,51.75
Lódz,19.46667,51.75
Lódz,19.46667,51.75
Lódz,19.46667,51.75
Lódz,19.46667,51.75
Lódz,19.46667,51.75
Lódz,19.46667,51.75
Lódz,19.46667,51.75
Lódz,19.46667,51.75
Lódz,19.46667,51.75
Lódz,19.46667,51.75
Lódz,19.46667,51.75
Lódz,19.46667,51.75
Lódz,19.46667,51.75
Lódz,19.46667,51.75
Lódz,19.46667,51.75
Lódz,19.46667,51.75
Lódz,19.46667,51.75
Lódz,19.46667,51.75
Lódz,19.46667,51.75
Lódz,19.46667,51.75
Lódz,19.46667,51.75
Lódz,19.46667,51.75
Lódz,19.46667,51.75
Lódz,19.46667,51.75
Lódz,19.46667,51.75
Lódz,19.46667,51.75
Lódz,19.46667,51.75
Lódz,19.46667,51.75
Lódz,19.46667,51.75
Lódz,19.46667,51.75
Lódz,19.46667,51.75
Lódz,19.46667,51.75
Lódz,19.46667,51.75
Lódz,19.46667,51.75
Lódz,19.46667,51.75
Lódz,19.46667,51.75
Lódz,19.46667,51.75
Lódz,19.46667,51.75
Lódz,19.46667,51.75
Lódz,19.46667,51.75
Lódz,19.46667,51.75
Lódz,19.46667,51.75
Lódz,19.46667,51.75
Lódz,19.46667,51.75
Lódz,19.46667,51.75
Lódz,19.46667,51.75
Lódz,19.46667,51.75
Lódz,19.46667,51.75
Lódz,19.46667,51.75
Lódz,19.46667,51.75
Lódz,19.46667,51.75
Lódz,19.46667,51.75
Lódz,19.46667,51.75
Lódz,19.46667,51.75
Lódz,19.46667,51.75
Lódz,19.46667,51.75
Lódz,19.46667,51.75
Lódz,19.46667,51.75
Lódz,19.46667,51.75
Lódz,19.46667,51.75
Lódz,19.46667,51.75
Lódz,19.46667,51.75
Lódz,19.46667,51.75
Lódz,19.46667,51.75
Lódz,19.46667,51.75
Lódz,19.46667,51.75
Lódz,19.46667,51.75
Lódz,19.46667,51.75
Lódz,19.46667,51.75
Lódz,19.46667,51.75
Lódz,19.46667,51.75
Lódz,19.46667,51.75
Lódz,19.46667,51.75
Lódz,19.46667,51.75
Lódz,19.46667,51.75
Lódz,19.46667,51.75
Lódz,19.46667,51.75
Lódz,19.46667,51.75
Lódz,19.46667,51.75
Lódz,19.46667,51.75
Lódz,19.46667,51.75
Lódz,19.46667,51.75
Lódz,19.46667,51.75
Lódz,19.46667,51.75
Lódz,19.46667,51.75
Lódz,19.46667,51.75
Lódz,19.46667,51.75
Lódz,19.46667,51.75
Lódz,19.46667,51.75
Lódz,19.46667,51.75
Lódz,19.46667,51.75
Lódz,19.46667,51.75
Lódz,19.46667,51.75
Lódz,19.46667,51.75
Lódz,19.46667,51.75
Lódz,19.46667,51.75
Lódz,19.46667,51.75
Lódz,19.46667,51.75
Lódz,19.46667,51.75
Lódz,19.46667,51.75
Lódz,19.46667,51.75
Lódz,19.46667,51.75
Lódz,19.46667,51.75
Lódz,19.46667,51.75
Lódz,19.46667,51.75
Lódz,19.46667,51.75
Lódz,19.46667,51.75
Lódz,19.46667,51.75
Lódz,19.46667,51.75
Lódz,19.46667,51.75
Lódz,19.46667,51.75
Lódz,19.46667,51.75
Lódz,19.46667,51.75
Lódz,19.46667,51.75
Lódz,19.46667,51.75
Lódz,19.46667,51.75
Lódz,19.46667,51.75
Lódz,19.46667,51.75
Lódz,19.46667,51.75
Lódz,19.46667,51.75
Lódz,19.46667,51.75
Lódz,19.46667,51.75
Lódz,19.46667,51.75
Lódz,19.46667,51.75
Lódz,19.46667,51.75
Lódz,19.46667,51.75
Lódz,19.46667,51.75
Lódz,19.46667,51.75
Lódz,19.46667,51.75
Lódz,19.46667,51.75
Lódz,19.46667,51.75
Lódz,19.46667,51.75
Lódz,19.46667,51.75
Lódz,19.46667,51.75
Lódz,19.46667,51.75
Lódz,19.46667,51.75
Lódz,19.46667,51.75
Lódz,19.46667,51.75
Lódz,19.46667,51.75
Lódz,19.46667,51.75
Lódz,19.46667,51.75
Lódz,19.46667,51.75
Lódz,19.46667,51.75
Lódz,19.46667,51.75
Lódz,19.46667,51.75
Lódz,19.46667,51.75
Lódz,19.46667,51.75
Lódz,19.46667,51.75
Lódz,19.46667,51.75
Lódz,19.46667,51.75
Lódz,19.46667,51.75
Lódz,19.46667,51.75
Lódz,19.46667,51.75
Lódz,19.46667,51.75
Lódz,19.46667,51.75
Lódz,19.46667,51.75
Lódz,19.46667,51.75
Lódz,19.46667,51.75
Lódz,19.46667,51.75
Lódz,19.46667,51.75
Lódz,19.46667,51.75
Lódz,19.46667,51.75
Lódz,19.46667,51.75
Lódz,19.46667,51.75
Lódz,19.46667,51.75
Lódz,19.46667,51.75
Lódz,19.46667,51.75
Lódz,19.46667,51.75
Lódz,19.46667,51.75
Lódz,19.46667,51.75
Lódz,19.46667,51.75
Lódz,19.46667,51.75
Lódz,19.46667,51.75
Lódz,19.46667,51.75
Lódz,19.46667,51.75
Lódz,19.46667,51.75
Lódz,19.46667,51.75
Lódz,19.46667,51.75
Lódz,19.46667,51.75
Lódz,19.46667,51.75
Lódz,19.46667,51.75
Lódz,19.46667,51.75
Lódz,19.46667,51.75
Lódz,19.46667,51.75
Lódz,19.46667,51.75
Lódz,19.46667,51.75
Lódz,19.46667,51.75
Lódz,19.46667,51.75
Lódz,19.46667,51.75
Lódz,19.46667,51.75
Lódz,19.46667,51.75
Lódz,19.46667,51.75
Lódz,19.46667,51.75
Lódz,19.46667,51.75
Lódz,19.46667,51.75
Lódz,19.46667,51.75
Lódz,19.46667,51.75
Lódz,19.46667,51.75
Lódz,19.46667,51.75
Lódz,19.46667,51.75
Lódz,19.46667,51.75
Lódz,19.46667,51.75
Lódz,19.46667,51.75
Lódz,19.46667,51.75
Lódz,19.46667,51.75
Lódz,19.46667,51.75
Lódz,19.46667,51.75
Lódz,19.46667,51.75
Lódz,19.46667,51.75
Lódz,19.46667,51.75
Lódz,19.46667,51.75
Lódz,19.46667,51.75
Lódz,19.46667,51.75
Lódz,19.46667,51.75
Lódz,19.46667,51.75
Lódz,19.46667,51.75
Lódz,19.46667,51.75
Lódz,19.46667,51.75
Lódz,19.46667,51.75
Lódz,19.46667,51.75
Lódz,19.46667,51.75
Lódz,19.46667,51.75
Lódz,19.46667,51.75
Lódz,19.46667,51.75
Lódz,19.46667,51.75
Lódz,19.46667,51.75
Lódz,19.46667,51.75
Lódz,19.46667,51.75
Lódz,19.46667,51.75
Lódz,19.46667,51.75
Lódz,19.46667,51.75
Lódz,19.46667,51.75
Lódz,19.46667,51.75
Lódz,19.46667,51.75
Lódz,19.46667,51.75
Lódz,19.46667,51.75
Lódz,19.46667,51.75
Lódz,19.46667,51.75
Lódz,19.46667,51.75
Lódz,19.46667,51.75
Lódz,19.46667,51.75
Lódz,19.46667,51.75
Lódz,19.46667,51.75
Lódz,19.46667,51.75
Lódz,19.46667,51.75
Lódz,19.46667,51.75
Lódz,19.46667,51.75
Lódz,19.46667,51.75
Lódz,19.46667,51.75
Lódz,19.46667,51.75
Lódz,19.46667,51.75
Lódz,19.46667,51.75
Lódz,19.46667,51.75
Lódz,19.46667,51.75
Lódz,19.46667,51.75
Lódz,19.46667,51.75
Lódz,19.46667,51.75
Lódz,19.46667,51.75
Lódz,19.46667,51.75
Lódz,19.46667,51.75
Lódz,19.46667,51.75
Lódz,19.46667,51.75
Lódz,19.46667,51.75
Lódz,19.46667,51.75
Lódz,19.46667,51.75
Lódz,19.46667,51.75
Lódz,19.46667,51.75
Lódz,19.46667,51.75
Lódz,19.46667,51.75
Lódz,19.46667,51.75
Lódz,19.46667,51.75
Lódz,19.46667,51.75
Lódz,19.46667,51.75
Lódz,19.46667,51.75
Lódz,19.46667,51.75
Lódz,19.46667,51.75
Lódz,19.46667,51.75
Lódz,19.46667,51.75
Lódz,19.46667,51.75
Lódz,19.46667,51.75
Lódz,19.46667,51.75
Lódz,19.46667,51.75
Grabów,19.009528,52.128333
Leczyca,19.19972,52.05959
Leczyca,19.19972,52.05959
Ozorków,19.29139,51.96336
Parzeczew,19.205556,51.940556
Poddebice,18.9573,51.89344
Ujazd,19.06569,51.94399
Lasko,19.1325,51.589722
Lasko,19.1325,51.589722
Lutomiersk,19.21097,51.75376
Pabianice,19.35473,51.66446
Widawa,18.94421,51.43855
Zalew,19.22793,51.72783
Konin,18.25121,52.22338
Konin,18.25121,52.22338
Konin,18.25121,52.22338
Pyzdry,17.69005,52.17056
Slupca,17.87192,52.28733
Tuliszków,18.29549,52.07658
IzbicaKujawska,18.7627,52.42073
IzbicaKujawska,18.7627,52.42073
Babiak,18.66663,52.3453
Sompolno,18.50282,52.38832
Sompolno,18.50282,52.38832
Kalisz,18.09102,51.76109
Kalisz,18.09102,51.76109
Kalisz,18.09102,51.76109
Kalisz,18.09102,51.76109
Kozminek,18.33893,51.79874
Brzeziny,19.75144,51.80023
Brzeziny,19.75144,51.80023
Stryków,19.6156,51.9023
TomaszówMazowiecki,20.00855,51.53131
Józefów,19.50147,51.87599
Józefów,19.50147,51.87599
Józefów,19.50147,51.87599
BrzescKujawski,18.90173,52.60532
Lubraniec,18.83254,52.54178
Wloclawek,19.0678,52.64817
Wloclawek,19.0678,52.64817
Wloclawek,19.0678,52.64817
Lomianki,20.88602,52.33413
NowyDwórMazowiecki,20.71652,52.43022
Otwock,21.26129,52.10577
Otwock,21.26129,52.10577
Otwock,21.26129,52.10577
Otwock,21.26129,52.10577
Otwock,21.26129,52.10577
Otwock,21.26129,52.10577
Piaseczno,21.02397,52.0814
Piaseczno,21.02397,52.0814
Pruszków,20.81214,52.17072
Ozarów,20.79716,52.21039
Skierniewice,20.15837,51.95485
Biezun,19.88976,52.96107
Biezun,19.88976,52.96107
Raciaz,20.08986,52.81552
Sierpc,19.668056,52.853056
Rypin,19.40941,53.06603
BialaRawska,20.47259,51.80779
BialaRawska,20.47259,51.80779
Inowlodz,20.2128,51.5261
Nasielsk,20.80553,52.58887
Pultusk,21.08276,52.7025
Wyszków,21.4584,52.59278
Chorzele,20.89728,53.26075
Przasnysz,20.88029,53.01907
CzerwinsknadWisla,20.3096,52.39828
Plonsk,20.37552,52.62348
Bodzanów,20.02945,52.49992
Mogielnica,19.86769,52.73032
Plock,19.70638,52.54682
Plock,19.70638,52.54682
Wyszogród,20.190833,52.388889
AleksandrówKujawski,18.69345,52.87659
Ciechocinek,18.79505,52.87908
Sluzewo,18.643612,52.856111
Sluzewo,18.643611,52.856111
Ziemiecin,18.489803,52.452978
Mlawa,20.3841,53.11278
Radzanów,20.091945,52.943056
Radzanów,20.091944,52.943056
Strzegowo,20.284803,52.893672
Kolbiel,21.467778,52.059722
MinskMazowiecki,21.57251,52.17935
Krasnosielc,21.156528,53.034583
Magnuszewo,21.20276,52.79874
MakówMazowiecki,21.10053,52.86493
MakówMazowiecki,21.10053,52.86493
MakówMazowiecki,21.10053,52.86493
Bolimów,20.163056,52.076389
Glowno,19.71565,51.96463
Lowicz,19.94525,52.10714
Lowicz,19.94525,52.10714
Lowicz,19.94525,52.10714
Lipno,19.180557,52.848611
Lipno,19.180556,52.848611
Krosniewice,19.17037,52.25592
Kutno,19.36409,52.23064
Zychlin,19.62613,52.24404
Zychlin,19.62613,52.24404
Zychlin,19.62613,52.24404
GóraKalwaria,21.21537,51.97653
GóraKalwaria,21.21537,51.97653
GóraKalwaria,21.21537,51.97653
Grójec,20.86757,51.86252
Grójec,20.86757,51.86252
Warka,21.19091,51.7843
Gabin,19.73509,52.39849
Ciechanów,20.61996,52.88141
Ciechanów,20.61996,52.88141
Zyrardów,20.44599,52.0488
Wyrzysk,17.26802,53.153
Wyrzysk,17.26802,53.153
Wolsztyn,16.11712,52.11552
Wagrowiec,17.19961,52.80842
SrodaWielkopolska,17.27617,52.22843
Dolsk,17.06273,51.9818
Kórnik,17.0917,52.2403
Kórnik,17.0917,52.2403
KsiazWielkopolski,17.23952,52.06167
Mosina,16.845,52.246667
Kcynia,17.486667,52.993611
Labiszyn,17.91971,52.9521
Obrzyck,16.529168,52.706389
Obrzyck,16.529167,52.706389
Pniewy,16.25668,52.50943
Szamotuly,16.57794,52.61201
Wronki,16.38044,52.71051
Wronki,16.38044,52.71051
Wronki,16.38044,52.71051
Wronki,16.38044,52.71051
Bojanowo,16.749444,51.707222
Bojanowo,16.749443,51.707222
Jutrosin,17.16957,51.65009
Rawicz,16.85852,51.60946
Pobiedziska,17.279444,52.48
Swarzedz,17.08503,52.41289
Poznan,16.92993,52.40692
Poznan,16.92993,52.40692
Poznan,16.92993,52.40692
Poznan,16.92993,52.40692
Poznan,16.92993,52.40692
Poznan,16.92993,52.40692
Poznan,16.92993,52.40692
Poznan,16.92993,52.40692
Poznan,16.92993,52.40692
Poznan,16.92993,52.40692
Poznan,16.92993,52.40692
Odolanów,17.6699,51.5781
OstrówWielkopolski,17.80686,51.65501
OstrówWielkopolski,17.80686,51.65501
MurowanaGoslina,17.00933,52.57463
Rogozno,16.999722,52.749167
Ryczywól,16.83114,52.81324
Buk,16.5176,52.356667
Buk,16.5175,52.356667
GrodziskWielkopolski,16.36534,52.22762
GrodziskWielkopolski,16.36534,52.22762
NowyTomysl,16.12844,52.3195
Zbaszyn,15.9252,52.2509
Zbaszyn,15.9252,52.2509
Mogilno,17.950834,52.657778
Mogilno,17.950833,52.657778
Miedzychód,15.89696,52.59882
Leszno,16.57494,51.84034
Leszno,16.57494,51.84034
Leszno,16.57494,51.84034
Rydzyna,16.666944,51.786944
KozminWielkopolski,17.45391,51.82712
Krotoszyn,17.43738,51.69868
Krotoszyn,17.43738,51.69868
Pogorzela,17.23017,51.8222
Koscian,16.640394,52.08152
Smigiel,16.52704,52.01339
GrabównadProsna,18.11929,51.50596
GrabównadProsna,18.11929,51.50596
Kepno,17.98908,51.2784
Kepno,17.98908,51.2784
Jaraczewo,17.29707,51.96854
Jarocin,17.50256,51.97266
Jarocin,17.50256,51.97266
Pleszew,17.78549,51.89636
Zerków,17.56349,52.06877
Gniewków,18.406389,52.895
Inowroclaw,18.26387,52.79886
Inowroclaw,18.26387,52.79886
Inowroclaw,18.26387,52.79886
PiaskiWielkopolskie,17.07293,51.88497
PiaskiWielkopolskie,17.07293,51.88497
PiaskiWielkopolskie,17.07293,51.88497
Gniezno,17.58259,52.53481
Gniezno,17.58259,52.53481
Czarnków,16.56413,52.90214
Wielen,16.173613,52.892222
Wielen,16.173612,52.892222
Wielen,16.173611,52.892222
Szamocin,17.12653,53.02795
Koronów,17.93723,53.31321
Bydgoszcz,18.00762,53.1235
Bydgoszcz,18.00762,53.1235
Bydgoszcz-Fordona,18.00762,53.1235
Chelmza,18.60466,53.18463
Torun,18.59814,53.01375
Gniewo,18.8225,53.835556
Gniewo,18.8225,53.835556
Tczew,18.777331,54.092192
Tczew,18.777331,54.092192
Swiecie,18.445833,53.408333
Bobowo,18.556111,53.884167
StarogardGdanski,18.52638,53.96396
StarogardGdanski,18.52638,53.96396
Osieczna,18.20314,53.77129
Osieczna,18.20314,53.77129
SepólnoKrajenskie,17.53169,53.45198
Wiecbork,17.49064,53.35384
Puck,18.40841,54.7179
Puck,18.40841,54.7179
Wejherowo,18.248889,54.604167
Wladyslawowo,18.4009,54.79086
NoweMiasto,19.59515,53.42079
Lubawa,19.74966,53.50428
Skarszewy,18.445833,54.067222
Kartuzy,18.19735,54.33424
RadzynChelminski,18.93725,53.38509
Grudziadz,18.75366,53.48411
Dzialdowo,20.177778,53.236111
Chelmno,18.4251,53.34855
Brodnica,19.39653,53.25967
Warszawa,21.01178,52.22977
Warszawa,21.01178,52.22977
Warszawa,21.01178,52.22977
Warszawa,21.01178,52.22977
Warszawa,21.01178,52.22977
Warszawa,21.01178,52.22977
Warszawa,21.01178,52.22977
Warszawa,21.01178,52.22977
Warszawa,21.01178,52.22977
Warszawa,21.01178,52.22977
Warszawa,21.01178,52.22977
Warszawa,21.01178,52.22977
Warszawa,21.01178,52.22977
Warszawa,21.01178,52.22977
Warszawa,21.01178,52.22977
Warszawa,21.01178,52.22977
Warszawa,21.01178,52.22977
Warszawa,21.01178,52.22977
Warszawa,21.01178,52.22977
Warszawa,21.01178,52.22977
Warszawa,21.01178,52.22977
Warszawa,21.01178,52.22977
Warszawa,21.01178,52.22977
Warszawa,21.01178,52.22977
Warszawa,21.01178,52.22977
Warszawa,21.01178,52.22977
Warszawa,21.01178,52.22977
Warszawa,21.01178,52.22977
Warszawa,21.01178,52.22977
Warszawa,21.01178,52.22977
Warszawa,21.01178,52.22977
Warszawa,21.01178,52.22977
Warszawa,21.01178,52.22977
Warszawa,21.01178,52.22977
Warszawa,21.01178,52.22977
Warszawa,21.01178,52.22977
Warszawa,21.01178,52.22977
Warszawa,21.01178,52.22977
Warszawa,21.01178,52.22977
Warszawa,21.01178,52.22977
Warszawa,21.01178,52.22977
Warszawa,21.01178,52.22977
Warszawa,21.01178,52.22977
Warszawa,21.01178,52.22977
Warszawa,21.01178,52.22977
Warszawa,21.01178,52.22977
